id,member_id,CLI,term,int_rate,installment,grade,sub_grade,emp_length,home_ownership,annual_inc,verification_status,loan_status,dti,delinq_2yrs,inq_last_6mths,open_acc,pub_rec,revol_bal,revol_util,total_acc,out_prncp,out_prncp_inv,total_pymnt,total_pymnt_inv,total_rec_prncp,total_rec_int,total_rec_late_fee,last_pymnt_amnt
1077501,1296599,5000, 36 months,10.65,162.87,B,B2,10+ years,RENT,24000.0,Verified,Fully Paid,27.65,0,1,3,0,13648,83.7,9,0.0,0.0,5861.071414,5831.78,5000.0,861.07,0.0,171.62
1077430,1314167,2500, 60 months,15.27,59.83,C,C4,< 1 year,RENT,30000.0,Source Verified,Charged Off,1.0,0,5,3,0,1687,9.4,4,0.0,0.0,1008.71,1008.71,456.46,435.17,0.0,119.66
1077175,1313524,2400, 36 months,15.96,84.33,C,C5,10+ years,RENT,12252.0,Not Verified,Fully Paid,8.72,0,2,2,0,2956,98.5,10,0.0,0.0,3003.653644,3003.65,2400.0,603.65,0.0,649.91
1076863,1277178,10000, 36 months,13.49,339.31,C,C1,10+ years,RENT,49200.0,Source Verified,Fully Paid,20.0,0,1,10,0,5598,21.0,37,0.0,0.0,12226.30221,12226.3,10000.0,2209.33,16.97,357.48
1075358,1311748,3000, 60 months,12.69,67.79,B,B5,1 year,RENT,80000.0,Source Verified,Current,17.94,0,0,15,0,27783,53.9,38,766.9,766.9,3242.17,3242.17,2233.1,1009.07,0.0,67.79
1075269,1311441,5000, 36 months,7.9,156.46,A,A4,3 years,RENT,36000.0,Source Verified,Fully Paid,11.2,0,3,9,0,7963,28.3,12,0.0,0.0,5631.377753,5631.38,5000.0,631.38,0.0,161.03
1069639,1304742,7000, 60 months,15.96,170.08,C,C5,8 years,RENT,47004.0,Not Verified,Current,23.51,0,1,7,0,17726,85.6,11,1889.15,1889.15,8136.84,8136.84,5110.85,3025.99,0.0,170.08
1072053,1288686,3000, 36 months,18.64,109.43,E,E1,9 years,RENT,48000.0,Source Verified,Fully Paid,5.35,0,2,4,0,8221,87.5,4,0.0,0.0,3938.144334,3938.14,3000.0,938.14,0.0,111.34
1071795,1306957,5600, 60 months,21.28,152.39,F,F2,4 years,OWN,40000.0,Source Verified,Charged Off,5.55,0,2,11,0,5210,32.6,13,0.0,0.0,646.02,646.02,162.02,294.94,0.0,152.39
1071570,1306721,5375, 60 months,12.69,121.45,B,B5,< 1 year,RENT,15000.0,Verified,Charged Off,18.08,0,0,2,0,9279,36.5,3,0.0,0.0,1476.19,1469.34,673.48,533.42,0.0,121.45
1070078,1305201,6500, 60 months,14.65,153.45,C,C3,5 years,OWN,72000.0,Not Verified,Fully Paid,16.12,0,2,14,0,4032,20.6,23,0.0,0.0,7677.52,7677.52,6500.0,1177.52,0.0,1655.54
1069908,1305008,12000, 36 months,12.69,402.54,B,B5,10+ years,OWN,75000.0,Source Verified,Fully Paid,10.78,0,0,12,0,23336,67.1,34,0.0,0.0,13943.08,13943.08,12000.0,1943.08,0.0,6315.3
1064687,1298717,9000, 36 months,13.49,305.38,C,C1,< 1 year,RENT,30000.0,Source Verified,Charged Off,10.08,0,1,4,0,10452,91.7,9,0.0,0.0,2270.7,2270.7,1256.14,570.26,0.0,305.38
1069866,1304956,3000, 36 months,9.91,96.68,B,B1,3 years,RENT,15000.0,Source Verified,Fully Paid,12.56,0,2,11,0,7323,43.1,11,0.0,0.0,3478.981915,3478.98,3000.0,478.98,0.0,102.43
1069057,1303503,10000, 36 months,10.65,325.74,B,B2,3 years,RENT,100000.0,Source Verified,Charged Off,7.06,0,2,14,0,11997,55.5,29,0.0,0.0,7471.99,7471.99,5433.47,1393.42,0.0,325.74
1069759,1304871,1000, 36 months,16.29,35.31,D,D1,< 1 year,RENT,28000.0,Not Verified,Fully Paid,20.31,0,1,11,0,6524,81.5,23,0.0,0.0,1270.171106,1270.17,1000.0,270.17,0.0,36.32
1065775,1299699,10000, 36 months,15.27,347.98,C,C4,4 years,RENT,42000.0,Not Verified,Fully Paid,18.6,0,2,14,0,24043,70.2,28,0.0,0.0,12519.26045,12519.26,10000.0,2519.26,0.0,370.46
1069971,1304884,3600, 36 months,6.03,109.57,A,A1,10+ years,MORTGAGE,110000.0,Not Verified,Fully Paid,10.52,0,0,20,0,22836,16.0,42,0.0,0.0,3785.02,3785.02,3600.0,185.02,0.0,583.45
1062474,1294539,6000, 36 months,11.71,198.46,B,B3,1 year,MORTGAGE,84000.0,Verified,Fully Paid,18.44,2,0,4,0,0,37.73,14,0.0,0.0,7164.499852,7164.5,6000.0,1149.5,15.0,16.98
1069742,1304855,9200, 36 months,6.03,280.01,A,A1,6 years,RENT,77385.19,Not Verified,Fully Paid,9.86,0,0,8,0,7314,23.1,28,0.0,0.0,9459.96,9459.96,9200.0,259.96,0.0,8061.1
1069740,1284848,20250, 60 months,15.27,484.63,C,C4,3 years,RENT,43370.0,Verified,Fully Paid,26.53,0,3,8,0,17813,85.6,22,0.0,0.0,27663.04267,25417.68,20250.0,7413.04,0.0,6024.09
1039153,1269083,21000, 36 months,12.42,701.73,B,B4,10+ years,RENT,105000.0,Verified,Charged Off,13.22,0,0,7,0,32135,90.3,38,0.0,0.0,14025.4,14025.4,10694.96,3330.44,0.0,701.73
1069710,1304821,10000, 36 months,11.71,330.76,B,B3,10+ years,OWN,50000.0,Source Verified,Fully Paid,11.18,0,0,8,0,10056,82.4,21,0.0,0.0,11902.56157,11902.56,10000.0,1902.56,0.0,349.21
1069700,1304810,10000, 36 months,11.71,330.76,B,B3,5 years,RENT,50000.0,Not Verified,Fully Paid,16.01,0,0,6,0,17800,91.8,17,0.0,0.0,11536.31,11536.31,10000.0,1536.31,0.0,4942.63
1069559,1304634,6000, 36 months,11.71,198.46,B,B3,1 year,RENT,76000.0,Not Verified,Charged Off,2.4,0,1,7,0,5963,29.7,7,0.0,0.0,2050.14,2050.14,1305.58,475.25,0.0,198.46
1069697,1273773,15000, 36 months,9.91,483.38,B,B1,2 years,MORTGAGE,92000.0,Verified,Fully Paid,29.44,0,0,8,0,13707,93.9,31,0.0,0.0,15823.48,15823.48,15000.0,823.48,0.0,2447.05
1069800,1304679,15000, 36 months,14.27,514.64,C,C2,9 years,RENT,60000.0,Not Verified,Charged Off,15.22,0,1,7,0,5872,57.6,11,0.0,0.0,0.0,0.0,0.0,0.0,0.0,0.0
1069657,1304764,5000, 60 months,16.77,123.65,D,D2,2 years,RENT,50004.0,Not Verified,Charged Off,13.97,3,0,14,0,4345,59.5,22,0.0,0.0,1609.12,1609.12,629.05,719.11,0.0,123.65
1069799,1304678,4000, 36 months,11.71,132.31,B,B3,10+ years,MORTGAGE,106000.0,Not Verified,Fully Paid,5.63,1,0,12,0,6110,37.7,44,0.0,0.0,4484.79,4484.79,4000.0,484.79,0.0,2638.77
1047704,1278806,8500, 36 months,11.71,281.15,B,B3,< 1 year,RENT,25000.0,Source Verified,Fully Paid,12.19,0,0,8,0,6441,59.1,12,0.0,0.0,10122.20861,10122.21,8500.0,1622.21,0.0,581.59
1032111,1261745,4375, 36 months,7.51,136.11,A,A3,7 years,MORTGAGE,17108.0,Source Verified,Fully Paid,20.34,0,0,6,0,11210,86.9,12,0.0,0.0,4898.543558,4898.54,4375.0,523.54,0.0,144.94
1069539,1304608,31825, 36 months,7.9,995.82,A,A4,5 years,MORTGAGE,75000.0,Verified,Fully Paid,14.03,0,0,12,0,23151,27.4,26,0.0,0.0,34886.08,34886.08,31825.0,3061.08,0.0,16966.7
1065420,1299514,10000, 60 months,15.96,242.97,C,C5,2 years,RENT,29120.0,Verified,Current,22.83,0,1,11,0,16158,63.6,31,2695.31,2688.53,11622.36,11593.4,7304.67,4317.69,0.0,242.97
1069591,1304289,5000, 36 months,8.9,158.77,A,A5,2 years,RENT,24044.0,Verified,Fully Paid,11.93,0,0,8,0,2224,29.3,16,0.0,0.0,5714.592129,5714.59,5000.0,714.59,0.0,163.64
1069530,1291365,7000, 36 months,15.96,245.97,C,C5,7 years,RENT,34000.0,Source Verified,Fully Paid,6.35,0,1,6,0,6113,60.5,6,0.0,0.0,8848.94043,8848.94,7000.0,1848.94,0.0,260.74
1069522,1304589,12400, 36 months,10.65,403.91,B,B2,10+ years,RENT,41000.0,Not Verified,Fully Paid,11.8,0,2,9,0,11095,57.2,12,0.0,0.0,14537.45953,14537.46,12400.0,2137.46,0.0,417.61
1069361,1304255,10800, 36 months,9.91,348.03,B,B1,2 years,RENT,55596.0,Source Verified,Fully Paid,5.5,0,0,7,0,2535,13.3,18,0.0,0.0,12157.2,12157.2,10800.0,1357.2,0.0,3483.79
1069357,1304251,15000, 36 months,7.9,469.36,A,A4,1 year,RENT,45000.0,Verified,Fully Paid,8.48,0,0,7,0,6704,50.4,27,0.0,0.0,16662.6,16662.6,15000.0,1662.6,0.0,5872.8
1069356,1304250,6000, 36 months,12.42,200.5,B,B4,1 year,RENT,36852.0,Source Verified,Fully Paid,10.62,0,1,7,0,7310,66.5,12,0.0,0.0,7125.283165,7125.28,6000.0,1125.28,0.0,1923.53
1069346,1304237,12500, 60 months,12.69,282.44,B,B5,1 year,RENT,27000.0,Verified,Current,16.04,0,3,6,0,10143,50.0,24,3193.13,3186.72,13506.54,13479.58,9306.87,4199.67,0.0,282.44
1067573,1301955,9600, 36 months,7.51,298.67,A,A3,4 years,RENT,68004.0,Source Verified,Fully Paid,6.63,0,0,6,0,2896,18.1,11,0.0,0.0,10749.76265,10749.76,9600.0,1149.76,0.0,311.56
1069506,1304567,12000, 36 months,7.9,375.49,A,A4,10+ years,RENT,62300.0,Not Verified,Fully Paid,16.7,0,0,15,0,8601,21.0,25,0.0,0.0,13516.38296,13516.38,12000.0,1516.38,0.0,380.98
1069314,1304202,3000, 36 months,18.25,108.84,D,D5,9 years,MORTGAGE,65000.0,Not Verified,Fully Paid,17.39,0,0,8,0,43936,98.1,22,0.0,0.0,3915.027595,3915.03,3000.0,915.03,0.0,115.38
1060578,1292332,4400, 36 months,16.77,156.37,D,D2,10+ years,RENT,55000.0,Not Verified,Fully Paid,20.01,0,0,7,0,25237,99.0,11,0.0,0.0,5626.892655,5626.89,4400.0,1226.89,0.0,162.44
1069469,1304526,6000, 36 months,6.03,182.62,A,A1,10+ years,MORTGAGE,45600.0,Not Verified,Fully Paid,5.34,0,1,6,0,3378,32.5,28,0.0,0.0,6065.86,6065.86,6000.0,65.86,0.0,15.01
1051117,1282787,14000, 36 months,9.91,451.15,B,B1,6 years,RENT,80000.0,Not Verified,Fully Paid,10.0,0,1,7,0,2219,13.4,40,0.0,0.0,16239.91413,16239.91,14000.0,2239.91,0.0,457.91
1069465,1304521,5000, 36 months,8.9,158.77,A,A5,10+ years,MORTGAGE,100000.0,Source Verified,Charged Off,16.33,0,0,17,0,74351,62.1,35,0.0,0.0,5021.37,5021.37,4217.38,696.99,0.0,158.77
1069283,1304166,10000, 36 months,10.65,325.74,B,B2,6 years,RENT,27000.0,Verified,Fully Paid,11.47,0,0,7,0,7814,52.3,10,0.0,0.0,11724.56774,11724.57,10000.0,1724.57,0.0,332.92
1069287,1304171,10000, 36 months,6.03,304.36,A,A1,10+ years,RENT,60000.0,Not Verified,Fully Paid,12.74,0,1,11,0,14019,19.5,18,0.0,0.0,10282.67,10282.67,10000.0,282.67,0.0,8762.05
1069453,1303701,11000, 36 months,6.62,337.75,A,A2,5 years,RENT,70000.0,Not Verified,Fully Paid,10.85,0,0,5,0,11638,36.4,7,0.0,0.0,12157.38005,12157.38,11000.0,1157.38,0.0,346.13
1069248,1304123,15000, 36 months,9.91,483.38,B,B1,8 years,MORTGAGE,80000.0,Not Verified,Charged Off,9.12,0,2,9,0,11845,63.7,28,0.0,0.0,16177.77,16177.77,13556.45,2374.34,24.17,483.38
1068120,1302485,25600, 36 months,9.91,824.96,B,B1,9 years,RENT,110000.0,Verified,Fully Paid,15.71,0,0,11,0,26088,62.0,27,0.0,0.0,29695.62268,29405.63,25600.0,4095.62,0.0,838.27
1069244,1304117,7000, 36 months,10.65,228.02,B,B2,< 1 year,RENT,40000.0,Not Verified,Fully Paid,7.38,0,0,7,0,12168,92.9,12,0.0,0.0,8205.473816,8205.47,7000.0,1205.47,0.0,240.27
1069243,1304116,12000, 36 months,15.96,421.65,C,C5,4 years,RENT,50000.0,Not Verified,Charged Off,20.88,0,2,11,0,15793,90.8,11,0.0,0.0,3521.95,3521.95,1903.66,1039.35,0.0,421.65
1069238,1303909,12000, 36 months,9.91,386.7,B,B1,1 year,RENT,46000.0,Not Verified,Fully Paid,8.11,0,1,11,0,12143,52.1,12,0.0,0.0,13748.21311,13748.21,12000.0,1748.21,0.0,964.73
1069410,1303652,21000, 60 months,19.91,555.33,E,E4,7 years,RENT,50000.0,Verified,Charged Off,21.58,0,1,7,0,19448,97.6,14,0.0,0.0,18319.14,18297.35,8990.81,9328.33,0.0,555.33
1068409,1302790,16000, 60 months,19.91,423.11,E,E4,7 years,RENT,81000.0,Verified,Fully Paid,20.52,0,3,12,0,27884,75.1,21,0.0,0.0,20876.1,20810.87,16000.0,4876.1,0.0,9931.02
1068487,1302882,10000, 36 months,12.42,334.16,B,B4,< 1 year,OWN,39000.0,Not Verified,Fully Paid,18.58,0,0,5,0,12874,72.7,10,0.0,0.0,11474.76,11474.76,10000.0,1474.76,0.0,5803.94
1043961,1274517,10000, 36 months,10.65,325.74,B,B2,2 years,RENT,51400.0,Not Verified,Fully Paid,19.14,0,3,10,0,10160,59.1,24,0.0,0.0,10575.94,10575.94,10000.0,575.94,0.0,8627.74
1068945,1287308,7100, 36 months,16.77,252.33,D,D2,1 year,MORTGAGE,33000.0,Verified,Fully Paid,24.0,0,2,4,0,6021,91.2,8,0.0,0.0,9079.334843,9079.33,7100.0,1979.33,0.0,262.78
1069142,1287810,13000, 60 months,12.69,293.74,B,B5,< 1 year,MORTGAGE,30000.0,Source Verified,Fully Paid,13.72,0,0,17,0,17080,58.9,27,0.0,0.0,17402.23999,17402.24,13000.0,4402.24,0.0,3596.46
1068934,1277395,8950, 60 months,17.27,223.74,D,D3,6 years,RENT,40000.0,Verified,Current,19.47,0,1,5,0,10724,58.9,6,2462.25,2455.34,10713.52,10683.65,6487.75,4225.77,0.0,223.74
1069136,1278095,17675, 60 months,14.65,417.25,C,C3,< 1 year,RENT,50000.0,Source Verified,Fully Paid,16.46,0,2,6,0,6661,57.4,14,0.0,0.0,21323.43,21323.43,17675.0,3648.43,0.0,13814.81
1068923,1303549,8000, 36 months,16.77,284.31,D,D2,< 1 year,RENT,62000.0,Not Verified,Fully Paid,21.64,0,3,14,0,6088,66.9,20,0.0,0.0,10267.26214,10267.26,8000.0,2252.27,14.98883533,606.54
1069126,1303778,10000, 60 months,10.65,215.69,B,B2,10+ years,RENT,45996.0,Verified,Charged Off,21.73,0,1,7,0,11170,30.1,15,0.0,0.0,8772.91,8751.08,5495.38,2429.23,1.0,1.0
1069102,1303750,3500, 36 months,10.65,114.01,B,B2,7 years,MORTGAGE,55000.0,Not Verified,Fully Paid,5.39,0,1,9,0,6611,45.9,12,0.0,0.0,4103.168128,4103.17,3500.0,603.17,0.0,118.32
1069093,1303740,8925, 60 months,17.27,223.11,D,D3,5 years,RENT,30000.0,Source Verified,Charged Off,13.16,0,0,7,1,9844,70.8,28,0.0,0.0,5577.75,5577.75,2812.82,2742.43,0.0,223.11
1069030,1303473,16425, 36 months,14.27,563.53,C,C2,4 years,RENT,44544.0,Source Verified,Fully Paid,22.71,0,1,10,0,15747,83.4,18,0.0,0.0,18172.71,18172.71,16425.0,1747.71,0.0,13108.71
1068906,1303528,8200, 60 months,21.28,223.14,F,F2,4 years,RENT,75000.0,Source Verified,Charged Off,12.48,0,3,6,0,9012,73.9,11,0.0,0.0,4173.57,4173.57,1525.83,2265.85,0.0,223.14
1069073,1303718,15000, 36 months,14.65,517.42,C,C3,2 years,OWN,61000.0,Verified,Fully Paid,11.88,0,1,8,0,19397,79.5,18,0.0,0.0,18562.40042,18562.4,15000.0,3562.4,0.0,2533.38
1069043,1303486,13575, 60 months,17.58,341.63,D,D4,5 years,MORTGAGE,44000.0,Verified,Fully Paid,18.79,0,0,13,1,20657,79.4,21,0.0,0.0,18097.34458,18064.1,13575.0,4522.34,0.0,9245.21
1060981,1292558,6400, 36 months,16.77,227.45,D,D2,5 years,RENT,75000.0,Not Verified,Charged Off,20.22,0,0,9,0,7159,67.5,27,0.0,0.0,4776.45,4776.45,3334.25,1431.91,0.0,227.45
1069071,1303716,3000, 36 months,13.49,101.8,C,C1,1 year,RENT,33600.0,Not Verified,Fully Paid,18.11,0,0,4,0,2745,83.2,7,0.0,0.0,3246.8,3246.8,3000.0,246.8,0.0,2539.58
1069070,1299004,12000, 36 months,16.77,426.47,D,D2,3 years,RENT,50000.0,Not Verified,Fully Paid,20.57,0,1,13,0,11443,97.0,19,0.0,0.0,15346.46687,15346.47,12000.0,3346.47,0.0,441.52
1068893,1303514,14400, 36 months,8.9,457.25,A,A5,< 1 year,OWN,150000.0,Source Verified,Fully Paid,14.85,0,0,12,0,63864,55.0,38,0.0,0.0,16459.51914,16459.52,14400.0,2059.52,0.0,464.02
1068882,1303303,12000, 36 months,14.65,413.94,C,C3,10+ years,RENT,90000.0,Not Verified,Fully Paid,16.56,0,2,12,0,17116,78.5,36,0.0,0.0,12699.48,12699.48,12000.0,699.48,0.0,11046.6
1069039,1303482,11000, 36 months,13.49,373.24,C,C1,10+ years,MORTGAGE,48000.0,Verified,Fully Paid,21.82,0,3,15,0,11382,65.0,29,0.0,0.0,13413.21605,13413.22,11000.0,2413.22,0.0,1491.29
1068416,1302799,7200, 60 months,21.67,197.51,F,F3,< 1 year,RENT,75000.0,Verified,Fully Paid,24.82,0,2,9,1,21706,91.2,19,0.0,0.0,8201.53,8173.07,7200.0,1001.53,0.0,6824.7
1068997,1303437,15000, 36 months,7.9,469.36,A,A4,1 year,MORTGAGE,52000.0,Not Verified,Fully Paid,9.65,0,1,11,0,1616,6.7,29,0.0,0.0,15557.64,15557.64,15000.0,557.64,0.0,312.74
1048390,1279714,18000, 60 months,19.91,475.99,E,E4,10+ years,MORTGAGE,65000.0,Not Verified,Fully Paid,6.81,0,0,10,0,11745,77.8,40,0.0,0.0,26027.53964,26027.54,18000.0,8003.76,23.78149961,10783.73
1068994,1303432,22075, 60 months,17.27,551.84,D,D3,3 years,MORTGAGE,150000.0,Verified,Fully Paid,7.51,0,1,11,0,7334,53.3,31,0.0,0.0,28871.92,28839.26,22075.0,6796.92,0.0,15660.22
1068475,1302869,10000, 36 months,14.27,343.09,C,C2,2 years,RENT,68000.0,Source Verified,Fully Paid,15.39,0,1,9,0,11303,81.3,15,0.0,0.0,10671.62,10671.62,10000.0,671.62,0.0,8962.31
1068989,1282013,11800, 36 months,12.69,395.83,B,B5,6 years,RENT,42000.0,Source Verified,Fully Paid,9.86,0,0,4,0,8940,74.8,13,0.0,0.0,14243.15837,14243.16,11800.0,2443.16,0.0,419.36
1068967,1303403,4500, 36 months,6.03,136.96,A,A1,4 years,RENT,53000.0,Source Verified,Fully Paid,4.44,0,0,7,0,8630,13.9,17,0.0,0.0,4930.30217,4930.3,4500.0,430.3,0.0,138.95
1068744,1303379,7000, 36 months,12.69,234.82,B,B5,10+ years,RENT,35000.0,Source Verified,Fully Paid,11.35,0,2,10,0,7649,82.3,26,0.0,0.0,8449.394742,8449.39,7000.0,1449.39,0.0,248.19
1045509,1276120,9200, 36 months,12.42,307.43,B,B4,2 years,RENT,60000.0,Source Verified,Fully Paid,19.96,0,3,8,0,23299,78.7,19,0.0,0.0,10480.84,10480.84,9200.0,1280.84,0.0,365.48
1063958,1297940,14000, 60 months,17.27,349.98,D,D3,4 years,RENT,28000.0,Verified,Current,6.34,0,2,5,0,6986,79.4,10,3842.41,3835.51,16777.04,16747.17,10157.6,6619.44,0.0,349.98
1041756,1272024,4500, 60 months,10.65,97.06,B,B2,< 1 year,MORTGAGE,42000.0,Source Verified,Fully Paid,5.4,0,0,4,0,8220,78.3,9,0.0,0.0,4907.8,4880.55,4500.0,407.8,0.0,3946.24
1068694,1303326,12000, 36 months,16.29,423.61,D,D1,9 years,RENT,88365.0,Verified,Fully Paid,16.85,0,0,6,0,22936,96.4,15,0.0,0.0,14685.36,14685.36,12000.0,2685.36,0.0,5800.45
1068792,1303200,12000, 36 months,13.49,407.17,C,C1,4 years,RENT,72000.0,Source Verified,Fully Paid,21.33,0,1,11,0,3419,27.6,19,0.0,0.0,13985.67622,13985.68,12000.0,1985.68,0.0,426.26
1068558,1303163,12000, 36 months,10.65,390.88,B,B2,< 1 year,RENT,62000.0,Verified,Fully Paid,23.94,0,0,10,0,20310,78.4,51,0.0,0.0,12779.62,12779.62,12000.0,779.62,0.0,10046.57
1068322,1302938,7000, 36 months,10.65,228.02,B,B2,3 years,MORTGAGE,43680.0,Not Verified,Fully Paid,5.38,0,0,7,0,6245,78.1,11,0.0,0.0,7687.73,7687.73,7000.0,687.73,0.0,4958.61
1065674,1299785,8200, 60 months,19.42,214.62,E,E3,3 years,RENT,120000.0,Source Verified,Fully Paid,2.8,0,2,5,0,10392,88.4,6,0.0,0.0,11894.8952,11894.9,8200.0,3694.9,0.0,4625.07
1068547,1303150,10500, 36 months,12.69,352.23,B,B5,10+ years,RENT,66000.0,Verified,Fully Paid,20.73,1,2,8,0,5790,51.2,26,0.0,0.0,11232.14,11232.14,10500.0,732.14,0.0,4421.32
1068545,1303147,7000, 36 months,11.71,231.54,B,B3,4 years,OWN,39120.0,Not Verified,Fully Paid,21.01,0,0,8,1,9414,52.4,26,0.0,0.0,7932.3,7932.3,7000.0,932.3,0.0,4235.03
1068575,1303001,15300, 60 months,22.06,423.1,F,F4,6 years,RENT,85000.0,Verified,Current,20.58,0,2,14,0,26524,89.7,27,4523.91,4516.51,20295.8,20262.65,10776.09,9519.71,0.0,423.1
1049528,1280928,12800, 60 months,11.71,282.86,B,B3,4 years,MORTGAGE,47800.0,Verified,Fully Paid,10.04,0,0,15,0,16447,46.3,27,0.0,0.0,15161.27,15131.66,12800.0,2361.27,0.0,9242.39
1068542,1303143,17500, 60 months,17.27,437.47,D,D3,7 years,MORTGAGE,45000.0,Not Verified,Charged Off,21.31,0,2,13,0,20129,86.1,26,0.0,0.0,10037.1,10037.1,3077.85,3473.25,0.0,437.47
1068350,1302971,3500, 36 months,6.03,106.53,A,A1,10+ years,MORTGAGE,83000.0,Verified,Fully Paid,2.31,0,0,6,0,3092,13.4,28,0.0,0.0,3834.66085,3834.66,3500.0,334.66,0.0,107.86
1067874,1302235,6000, 60 months,12.69,135.57,B,B5,< 1 year,RENT,81000.0,Source Verified,Current,13.66,1,0,6,0,15102,50.0,17,1527.6,1527.6,6495.11,6495.11,4472.4,2022.71,0.0,135.57
